{
    "mse": 0.6985988951513538,
    "r2": 0.3020128261107906,
    "mae": 0.6396603584959099
}